{"cameraMode":{"drawMode":0,"name":"Shaded","section":"Shading Mode"},"sceneLighting":false,"audioPlay":false,"sceneViewState":{"m_AlwaysRefresh":false,"showFog":true,"showSkybox":false,"showFlares":true,"showImageEffects":true,"showParticleSystems":true,"showVisualEffectGraphs":true,"m_FxEnabled":true},"in2DMode":false,"pivot":{"x":1.7051024436950684,"y":1.6194376945495606,"z":-27.940425872802736},"rotation":{"x":0.11259026825428009,"y":-0.3438592255115509,"z":0.041572753340005878,"w":0.931326150894165},"size":0.5345209836959839,"orthographic":false}