{"cameraMode":{"drawMode":0,"name":"Shaded","section":"Shading Mode"},"sceneLighting":false,"audioPlay":false,"sceneViewState":{"m_AlwaysRefresh":false,"showFog":true,"showSkybox":false,"showFlares":true,"showImageEffects":true,"showParticleSystems":true,"showVisualEffectGraphs":true,"m_FxEnabled":true},"in2DMode":false,"pivot":{"x":12.929889678955079,"y":-10.001459121704102,"z":31.828662872314454},"rotation":{"x":-0.10011794418096543,"y":-0.19656172394752503,"z":0.020179159939289094,"w":-0.9751611351966858},"size":34.47376251220703,"orthographic":false}