{"cameraMode":{"drawMode":0,"name":"Shaded","section":"Shading Mode"},"sceneLighting":false,"audioPlay":false,"sceneViewState":{"m_AlwaysRefresh":false,"showFog":true,"showSkybox":false,"showFlares":true,"showImageEffects":true,"showParticleSystems":true,"showVisualEffectGraphs":true,"m_FxEnabled":true},"in2DMode":false,"pivot":{"x":-0.342922568321228,"y":-0.04272425174713135,"z":0.12008035182952881},"rotation":{"x":0.11544816195964813,"y":-0.44174453616142275,"z":0.05744472146034241,"w":0.8878322243690491},"size":0.3247448801994324,"orthographic":false}