{"cameraMode":{"drawMode":0,"name":"Shaded","section":"Shading Mode"},"sceneLighting":false,"audioPlay":false,"sceneViewState":{"m_AlwaysRefresh":false,"showFog":true,"showSkybox":false,"showFlares":true,"showImageEffects":true,"showParticleSystems":true,"showVisualEffectGraphs":true,"m_FxEnabled":true},"in2DMode":false,"pivot":{"x":0.06533384323120117,"y":1.3159656524658204,"z":0.04662728309631348},"rotation":{"x":0.2241140604019165,"y":0.27771949768066409,"z":-0.06380148231983185,"w":0.9319882988929749},"size":2.481174945831299,"orthographic":false}