{"cameraMode":{"drawMode":0,"name":"Shaded","section":"Shading Mode"},"sceneLighting":true,"audioPlay":false,"sceneViewState":{"m_AlwaysRefresh":false,"showFog":true,"showSkybox":true,"showFlares":true,"showImageEffects":true,"showParticleSystems":true,"showVisualEffectGraphs":true,"m_FxEnabled":true},"in2DMode":false,"pivot":{"x":-7.800000190734863,"y":1.260000228881836,"z":-4.785534858703613},"rotation":{"x":-0.007181902881711721,"y":0.054598525166511539,"z":0.00037127401446923614,"w":0.9985396265983582},"size":2.3820571899414064,"orthographic":false}