{"cameraMode":{"drawMode":0,"name":"Shaded","section":"Shading Mode"},"sceneLighting":false,"audioPlay":false,"sceneViewState":{"m_AlwaysRefresh":false,"showFog":true,"showSkybox":false,"showFlares":true,"showImageEffects":true,"showParticleSystems":true,"showVisualEffectGraphs":true,"m_FxEnabled":true},"in2DMode":false,"pivot":{"x":0.12941300868988038,"y":-0.06153646111488342,"z":0.1911497712135315},"rotation":{"x":0.1500360667705536,"y":-0.6327263712882996,"z":-0.1267477124929428,"w":-0.7490672469139099},"size":0.9247450232505798,"orthographic":false}