{"cameraMode":{"drawMode":0,"name":"Shaded","section":"Shading Mode"},"sceneLighting":false,"audioPlay":false,"sceneViewState":{"m_AlwaysRefresh":false,"showFog":true,"showSkybox":false,"showFlares":true,"showImageEffects":true,"showParticleSystems":true,"showVisualEffectGraphs":true,"m_FxEnabled":true},"in2DMode":false,"pivot":{"x":-0.11795273423194885,"y":0.09625497460365296,"z":-0.07476860284805298},"rotation":{"x":-0.14372901618480683,"y":-0.2774208188056946,"z":0.04201597720384598,"w":-0.9490079879760742},"size":0.039077043533325198,"orthographic":false}