{"cameraMode":{"drawMode":0,"name":"Shaded","section":"Shading Mode"},"sceneLighting":true,"audioPlay":false,"sceneViewState":{"m_AlwaysRefresh":true,"showFog":true,"showSkybox":true,"showFlares":true,"showImageEffects":true,"showParticleSystems":true,"showVisualEffectGraphs":true,"m_FxEnabled":true},"in2DMode":false,"pivot":{"x":21.881732940673829,"y":-5.095261096954346,"z":16.64568328857422},"rotation":{"x":0.18604889512062074,"y":0.13688650727272035,"z":-0.026233697310090066,"w":0.9726715683937073},"size":7.420838832855225,"orthographic":false}