{"cameraMode":{"drawMode":0,"name":"Shaded","section":"Shading Mode"},"sceneLighting":false,"audioPlay":false,"sceneViewState":{"m_AlwaysRefresh":false,"showFog":true,"showSkybox":false,"showFlares":true,"showImageEffects":true,"showParticleSystems":true,"showVisualEffectGraphs":true,"m_FxEnabled":true},"in2DMode":false,"pivot":{"x":0.03029954433441162,"y":0.5945663452148438,"z":0.33896148204803469},"rotation":{"x":0.19712138175964356,"y":0.15951481461524964,"z":-0.02964744158089161,"w":0.9668731093406677},"size":2.174189567565918,"orthographic":false}