{"cameraMode":{"drawMode":0,"name":"Shaded","section":"Shading Mode"},"sceneLighting":true,"audioPlay":false,"sceneViewState":{"m_AlwaysRefresh":false,"showFog":true,"showSkybox":false,"showFlares":true,"showImageEffects":true,"showParticleSystems":true,"showVisualEffectGraphs":true,"m_FxEnabled":true},"in2DMode":false,"pivot":{"x":-3.560000419616699,"y":0.13000106811523438,"z":-0.05999946594238281},"rotation":{"x":0.15508729219436646,"y":0.08582931011915207,"z":-0.013517257757484913,"w":0.9840877056121826},"size":71.74649047851563,"orthographic":false}